CustomerID,Frequency,Monetary,Recency,Cluster
12505.0,1,-4.5,297.0,2
12552.0,2,437.82,34.0,1
12578.0,4,2753.36,334.0,3
12584.0,18,1893.95,0.0,0
12586.0,2,179.94000000000003,365.0,2
12594.0,11,3320.2200000000003,33.0,3
12610.0,7,2057.99,116.0,3
12725.0,1,427.8,367.0,2
14912.0,3,841.52,242.0,1
